{"iso_time": "2026-03-09T13:39:07", "rms": 4.2, "peak": 12, "baseline": 7.2887806966516555, "threshold": 58.310245573213244, "state": "NORMAL"}